Gender,Married,Dependents,Education,Self_Employed,Applicant_Income,Coapplicant_Income,Loan_Amount,Loan_Amount_Term,Credit_History,Property_Area,Loan_Status
0,0,0,0,0,-0.49564664768414457,-0.5544873301529855,-1.5287842903352764,0.30300926359772257,1,2,0
1,1,2,0,0,-0.6724141010713773,-0.18306108418896896,-1.43684310278781,-3.1423182891615644,1,2,1
1,0,0,1,0,-0.2921756772421214,-0.5544873301529855,-1.3449019152403434,-3.1423182891615644,1,1,1
1,1,0,0,1,-0.31855154378090217,-0.5544873301529855,-1.3449019152403434,-3.1423182891615644,1,1,1
1,1,1,0,0,0.010573399550840669,-0.2015297925518206,-1.33340926679691,0.30300926359772257,1,1,1
1,1,1,0,0,-0.6332598644082182,-0.0671186372444003,-1.2874386730231768,0.30300926359772257,1,2,1
0,0,0,0,0,-0.35492075105797877,-0.5544873301529855,-1.2874386730231768,0.30300926359772257,1,2,1
1,0,0,1,0,-0.6489870891766838,-0.5544873301529855,-1.22997543080601,0.30300926359772257,1,2,0
0,1,0,0,0,-0.3665523443763231,-0.5544873301529855,-1.2184827823625768,0.30300926359772257,1,1,1
0,0,1,0,0,1.2874274604406384,-0.5544873301529855,-1.1725121885888434,0.30300926359772257,1,2,1
1,1,4,0,0,-0.21255660185176448,-0.5544873301529855,-1.1725121885888434,-2.280986400971743,1,0,1
1,1,0,0,0,-0.2764484524736558,-0.5544873301529855,-1.149526891701977,-2.280986400971743,1,0,1
1,1,1,0,0,0.04022577124971845,-0.5544873301529855,-1.1265415948151103,0.30300926359772257,1,2,1
0,0,0,0,0,-0.2027270863714735,-0.5544873301529855,-1.1265415948151103,0.30300926359772257,1,1,1
1,1,2,1,0,-0.4119319408436664,-0.5544873301529855,-1.1150489463716768,-2.280986400971743,0,2,0
1,1,2,1,0,-0.5261181456730466,0.041299521107895476,-1.1150489463716768,0.30300926359772257,1,1,1
0,0,0,0,0,-0.49564664768414457,-0.5544873301529855,-1.1035562979282436,0.30300926359772257,1,0,0
1,0,0,0,0,-0.5903376468109477,-0.13962541822448454,-1.0920636494848104,0.30300926359772257,1,2,1
1,0,0,1,0,-0.08493672586598665,-0.5544873301529855,-1.080571001041377,0.30300926359772257,1,0,1
1,1,1,0,0,-0.23188798229633673,-0.5544873301529855,-1.0575857041545103,-1.4196545127819211,1,2,1
1,1,0,0,0,-0.5613405761440893,-0.21350025167589112,-1.0575857041545103,0.30300926359772257,1,1,1
1,0,0,0,0,-0.35213572167189633,-0.5544873301529855,-1.0575857041545103,0.30300926359772257,1,2,1
1,0,0,0,0,-0.5696956643023365,0.07857895095142935,-1.0575857041545103,0.30300926359772257,1,1,1
0,0,0,1,0,-0.5636341297561571,-0.5544873301529855,-1.0231077588242103,0.30300926359772257,1,1,1
0,0,0,0,0,-0.5885355689728943,0.015306524152770937,-1.0116151103807771,0.30300926359772257,1,2,1
1,0,0,1,0,-0.23401771065039978,0.3111478710762279,-1.0001224619373437,0.30300926359772257,1,0,1
0,0,0,0,1,1.6964991296787477,-0.5544873301529855,-1.0001224619373437,0.30300926359772257,1,1,1
1,1,0,0,0,-0.3054455231405142,-0.08387728001809902,-1.0001224619373437,0.30300926359772257,1,0,0
1,0,0,0,0,-0.4756599662075529,-0.5544873301529855,-1.0001224619373437,0.30300926359772257,1,1,1
0,0,0,0,0,-0.474513189401519,-0.5544873301529855,-0.9886298134939104,0.30300926359772257,1,0,1
1,1,0,0,0,-0.3937473372051281,0.6138294803562965,-0.9886298134939104,-2.280986400971743,1,1,1
1,1,0,0,0,-0.49482752139412034,0.17673671576880753,-0.9656445166070438,0.30300926359772257,1,0,1
1,0,0,0,0,-0.4791002966256548,-0.5544873301529855,-0.9541518681636104,0.30300926359772257,1,2,1
1,1,0,0,0,-0.521367213190906,-0.5544873301529855,-0.9426592197201771,0.30300926359772257,0,2,0
0,0,0,0,0,-0.3945664634951524,-0.5544873301529855,-0.9426592197201771,0.30300926359772257,1,2,1
1,0,0,1,0,-0.44010988522050054,-0.5544873301529855,-0.9426592197201771,-2.280986400971743,1,2,1
1,1,2,1,0,-0.5644532560461814,-0.05651623059165213,-0.9426592197201771,-0.5583226245920992,1,2,1
1,1,1,0,0,-0.5772316261705597,-0.5544873301529855,-0.9311665712767438,0.30300926359772257,1,0,0
0,0,1,1,1,-0.25171083851492354,-0.5544873301529855,-0.9196739228333105,0.30300926359772257,1,1,0
1,0,0,0,0,-0.5187460090628284,-0.5544873301529855,-0.9081812743898772,2.025673039977366,0,1,0
1,0,0,1,0,-0.4338845254163163,-0.5544873301529855,-0.8851959775030105,-0.5583226245920992,1,0,0
1,1,0,0,1,-0.3937473372051281,-0.5544873301529855,-0.8737033290595773,0.30300926359772257,1,2,1
1,1,1,0,1,-0.5284116992851144,-0.5544873301529855,-0.8737033290595773,-0.5583226245920992,0,0,0
0,0,0,1,0,-0.5226778152549447,-0.5544873301529855,-0.8737033290595773,0.30300926359772257,1,0,1
1,1,0,1,0,-0.40734483361953067,-0.3711682989957913,-0.8737033290595773,0.30300926359772257,1,0,0
1,0,0,0,0,-0.5713339168823851,1.1771250854232718,-0.8622106806161439,0.30300926359772257,1,0,0
0,0,0,0,0,-0.4756599662075529,-0.5544873301529855,-0.8622106806161439,0.30300926359772257,1,2,1
1,1,1,0,0,-0.2504002364508847,-0.5544873301529855,-0.8622106806161439,0.30300926359772257,1,2,0
1,1,2,0,0,-0.3609822856041582,-0.31507814767157516,-0.8277327352858439,0.30300926359772257,1,2,1
1,0,0,0,0,-0.4399460599624957,-0.5544873301529855,-0.8277327352858439,0.30300926359772257,1,1,1
0,1,2,0,0,1.550203174280417,-0.5544873301529855,-0.8277327352858439,0.30300926359772257,1,2,1
1,1,2,0,1,0.016307283581010405,0.9811515689063459,-0.8277327352858439,0.30300926359772257,1,1,1
1,1,4,1,0,-0.4024300758793852,0.014622497917109765,-0.8277327352858439,-2.280986400971743,0,2,0
1,1,0,0,0,-0.5362753116693473,1.7253721133057012,-0.8277327352858439,-2.280986400971743,1,1,0
1,0,0,0,0,-0.3391935262895132,-0.5544873301529855,-0.8277327352858439,0.30300926359772257,1,2,1
0,0,0,1,0,-0.5305414276391776,-0.5544873301529855,-0.8277327352858439,0.30300926359772257,1,1,1
1,0,0,0,0,-0.421106155291938,-0.5544873301529855,-0.8162400868424106,0.30300926359772257,1,2,1
0,0,0,0,0,-0.2037100379195026,-0.5544873301529855,-0.8162400868424106,0.30300926359772257,1,1,1
1,0,0,0,0,-0.3824433944027935,-0.5544873301529855,-0.8162400868424106,2.025673039977366,1,2,0
0,0,0,0,0,-0.3642587907642552,-0.5544873301529855,-0.8162400868424106,0.30300926359772257,0,2,0
0,0,0,0,0,-0.4101298630056131,-0.5544873301529855,-0.8162400868424106,0.30300926359772257,1,0,1
1,1,2,0,0,-0.06609682119542894,-0.5544873301529855,-0.8047474383989773,0.30300926359772257,0,1,0
1,1,0,0,0,-0.13162692439736878,-0.5544873301529855,-0.793254789955544,-2.280986400971743,1,1,1
1,0,0,0,0,-0.36638851911831827,-0.5544873301529855,-0.7817621415121107,0.30300926359772257,1,2,0
1,0,0,0,0,-0.5552790415979099,0.10525597414221506,-0.7817621415121107,0.30300926359772257,1,2,1
1,1,4,1,0,-0.36540556757028914,-0.5544873301529855,-0.7817621415121107,0.30300926359772257,1,1,1
1,1,0,0,0,-0.4920424920080379,-0.5544873301529855,-0.7702694930686773,0.30300926359772257,1,2,1
1,1,0,0,0,0.6421197691595358,-0.5544873301529855,-0.7702694930686773,-2.280986400971743,1,2,1
1,0,0,0,0,-0.4863086079778681,-0.5544873301529855,-0.7702694930686773,0.30300926359772257,1,2,0
0,0,0,0,0,-0.31019645562265485,-0.5544873301529855,-0.758776844625244,0.30300926359772257,0,2,0
1,0,0,0,0,-0.25318526583696715,-0.5544873301529855,-0.758776844625244,0.30300926359772257,1,1,1
1,1,2,0,0,-0.5082611925505179,-0.2173308027681537,-0.7357915477383774,-2.280986400971743,1,2,1
1,0,0,0,0,-0.2954521824022184,-0.5544873301529855,-0.7128062508515107,0.30300926359772257,1,2,0
0,0,0,0,0,-0.35377397425194484,-0.5544873301529855,-0.7128062508515107,0.30300926359772257,1,2,1
1,1,0,0,0,-0.37687333563062864,-0.10987027697322356,-0.7128062508515107,0.30300926359772257,1,2,1
0,0,0,1,0,-0.439618409446486,-0.5544873301529855,-0.7128062508515107,-3.1423182891615644,0,2,0
1,0,2,0,0,-0.3041349210764754,-0.5544873301529855,-0.7128062508515107,0.30300926359772257,0,0,0
1,0,0,1,0,-0.33509789483939195,-0.5544873301529855,-0.7128062508515107,-4.348182932627315,1,1,0
1,0,0,0,0,-0.3118347082027033,-0.5544873301529855,-0.7013136024080774,-0.5583226245920992,1,1,1
1,1,2,1,0,-0.3490230417698042,0.06797654429868119,-0.7013136024080774,0.30300926359772257,1,2,1
1,1,2,0,0,-0.40079182329933666,-0.5544873301529855,-0.7013136024080774,0.30300926359772257,1,1,1
1,1,4,1,0,-0.30823055252659665,-0.5544873301529855,-0.7013136024080774,-2.280986400971743,1,0,0
0,0,1,0,0,-0.11147641766277228,-0.5544873301529855,-0.7013136024080774,0.30300926359772257,1,1,0
0,0,1,1,0,-0.13064397284933968,-0.5544873301529855,-0.7013136024080774,0.30300926359772257,1,0,0
1,0,0,0,1,0.9168547268336686,-0.5544873301529855,-0.6783283055212108,0.30300926359772257,1,2,0
0,1,0,0,0,-0.13441195378345122,-0.5544873301529855,-0.6668356570777775,0.30300926359772257,1,0,0
0,0,0,0,0,-0.40734483361953067,-0.5544873301529855,-0.6668356570777775,0.30300926359772257,1,1,1
1,0,0,0,1,0.27547884174468246,-0.5544873301529855,-0.6668356570777775,0.30300926359772257,1,1,1
0,0,0,0,0,-0.44830114812074306,0.0012839863217169087,-0.6668356570777775,0.30300926359772257,1,2,1
1,1,1,0,0,-0.5225139899969399,-0.07635299142582612,-0.6553430086343441,0.30300926359772257,1,2,1
1,1,1,0,1,1.845252463947151,0.2150421849658332,-0.6438503601909108,0.30300926359772257,1,1,1
1,1,0,1,1,-0.17356619044661029,-0.3027656754296741,-0.6323577117474775,0.30300926359772257,1,1,0
1,1,0,0,0,-0.4068533578455161,-0.5489740784062653,-0.6323577117474775,0.30300926359772257,1,0,1
0,0,0,0,0,-0.3265789814231398,-0.5544873301529855,-0.6208650633040442,-3.1423182891615644,1,2,1
1,1,2,0,1,-0.34197855567559565,0.6425585822540657,-0.6208650633040442,0.30300926359772257,1,2,1
1,1,0,0,0,-0.5480707302456964,0.1753686632974852,-0.6208650633040442,0.30300926359772257,1,2,1
1,0,0,0,0,-0.39587706555919117,-0.5544873301529855,-0.6208650633040442,0.30300926359772257,0,1,0
1,0,0,0,0,-0.3678629464403619,0.48967871858379375,-0.6093724148606109,0.30300926359772257,1,0,1
1,1,1,1,0,-0.45927744040706797,0.3005454644234797,-0.5978797664171775,0.30300926359772257,1,1,1
1,1,0,0,0,-0.588863219488904,0.08439317395454932,-0.5978797664171775,0.30300926359772257,1,2,1
0,0,1,0,0,-0.41406166919772946,-0.020946866337271185,-0.5978797664171775,0.30300926359772257,1,2,1
1,1,2,0,0,-0.24630460500076348,-0.5544873301529855,-0.5978797664171775,0.30300926359772257,1,1,1
1,1,0,0,0,-0.47844499559363535,0.28891701841723977,-0.5978797664171775,-2.280986400971743,0,0,1
1,0,0,0,0,-0.584439937522773,11.018210537880554,-0.5978797664171775,0.30300926359772257,1,2,0
0,0,0,0,0,-0.2803802586657722,-0.5544873301529855,-0.5634018210868775,0.30300926359772257,1,0,1
1,1,0,1,0,-0.5903376468109477,0.44897915756195406,-0.5634018210868775,0.30300926359772257,0,2,0
0,0,0,0,1,-0.4756599662075529,-0.5544873301529855,-0.5634018210868775,0.30300926359772257,1,2,1
1,1,4,1,0,-0.5459410018916334,-0.2966094393087235,-0.5519091726434443,2.025673039977366,1,1,1
1,1,4,0,0,-0.025140506694216542,-0.5544873301529855,-0.5519091726434443,0.30300926359772257,1,2,0
1,0,1,1,0,-0.44633524502468486,-0.10918625073756238,-0.5519091726434443,0.30300926359772257,1,1,1
1,0,0,0,0,-0.10705313569664134,-0.5544873301529855,-0.5519091726434443,0.30300926359772257,1,1,1
1,1,0,1,0,-0.5030187842943628,-0.03599544352181697,-0.540416524200011,0.30300926359772257,1,2,1
1,1,4,1,0,-0.10623400940661709,-0.5544873301529855,-0.540416524200011,-3.1423182891615644,0,1,0
1,1,0,1,1,-0.5870611416508507,0.050533875289321295,-0.540416524200011,0.30300926359772257,1,0,1
1,1,4,0,0,-0.4484649733787479,0.15792599428812532,-0.540416524200011,0.30300926359772257,1,0,1
1,1,0,0,0,-0.39161760885106506,0.4828384562271821,-0.540416524200011,-0.5583226245920992,1,2,1
1,1,0,0,0,-0.3883411036909681,-0.055490191238160375,-0.540416524200011,0.30300926359772257,1,2,1
1,1,1,0,1,-0.41094898929563733,-0.5544873301529855,-0.540416524200011,0.30300926359772257,1,1,1
0,0,0,1,0,-0.3282172340031883,-0.5544873301529855,-0.540416524200011,0.30300926359772257,1,0,0
0,0,1,0,0,-0.2869332689859662,-0.5544873301529855,-0.540416524200011,0.30300926359772257,1,1,1
1,1,0,1,1,-0.11606352488690806,-0.5544873301529855,-0.5289238757565776,-3.1423182891615644,1,2,1
1,1,0,0,0,-0.5359476611533376,-0.010344459684523017,-0.5289238757565776,0.30300926359772257,1,1,1
1,1,1,0,0,-0.3421423809336005,-0.5544873301529855,-0.5289238757565776,0.30300926359772257,1,1,1
1,1,1,0,0,-0.6190070669617963,0.06216232129556122,-0.5289238757565776,0.30300926359772257,1,2,1
1,0,0,0,0,-0.4756599662075529,-0.5544873301529855,-0.5289238757565776,2.025673039977366,1,1,0
1,1,0,0,0,1.5524967278924848,-0.5544873301529855,-0.5289238757565776,0.30300926359772257,1,1,1
1,1,2,0,0,-0.2530214405789623,-0.5544873301529855,-0.5289238757565776,0.30300926359772257,1,1,1
1,0,0,1,0,-0.4430587398645879,0.3980192030051967,-0.5289238757565776,0.30300926359772257,1,1,1
1,0,0,0,0,-0.2982372117883008,-0.5544873301529855,-0.5289238757565776,0.30300926359772257,1,2,0
1,1,2,0,0,-0.4415843125425442,-0.1553580216446915,-0.5174312273131443,0.30300926359772257,1,1,1
1,1,2,1,1,-0.5780507524605839,0.08678726577936342,-0.5174312273131443,0.30300926359772257,1,1,1
1,1,0,1,0,-0.5800166555566422,-0.19845167449134535,-0.5059385788697109,0.30300926359772257,1,1,1
1,0,0,0,0,-0.4043959789754433,-0.5544873301529855,-0.5059385788697109,0.30300926359772257,1,1,1
1,0,0,0,0,-0.2027270863714735,-0.5544873301529855,-0.5059385788697109,0.30300926359772257,0,1,0
0,1,2,1,1,-0.8508198070386584,0.44316493455883404,-0.5059385788697109,0.30300926359772257,1,1,1
1,1,4,0,0,-0.38899640472298747,-0.5544873301529855,-0.49444593042627766,0.30300926359772257,1,2,1
1,1,2,1,0,-0.3391935262895132,0.12953890550818667,-0.49444593042627766,0.30300926359772257,1,1,1
0,0,0,0,1,-0.45927744040706797,0.032749193162130825,-0.49444593042627766,-0.5583226245920992,1,1,0
0,0,0,0,0,-0.5349647096053085,-0.5544873301529855,-0.49444593042627766,0.30300926359772257,0,1,0
1,0,1,1,0,-0.29610748343423776,-0.5544873301529855,-0.4829532819828443,-1.4196545127819211,1,2,1
1,1,0,0,0,-0.5857505395868119,-0.09960988343830597,-0.4829532819828443,-3.1423182891615644,0,2,0
0,1,0,1,0,-0.5693680137863268,0.007782235560498043,-0.4829532819828443,0.30300926359772257,1,1,1
1,1,1,0,0,-0.38522842378887595,-0.2022138187874818,-0.4829532819828443,0.30300926359772257,1,2,1
0,1,0,0,0,-0.5035102600683774,0.9797835164350236,-0.4829532819828443,0.30300926359772257,1,1,1
1,1,4,1,0,-0.254495867901006,-0.21828843532551934,-0.4829532819828443,0.30300926359772257,1,1,1
1,1,0,1,0,-0.3937473372051281,0.015306524152770937,-0.4829532819828443,2.025673039977366,0,2,0
1,1,2,0,0,-0.13719698316953366,-0.5544873301529855,-0.4829532819828443,0.30300926359772257,1,2,0
1,1,0,0,0,-0.5870611416508507,0.033433219397791994,-0.4829532819828443,0.30300926359772257,1,2,1
1,0,0,0,0,-0.2708783937014909,-0.5544873301529855,-0.4829532819828443,0.30300926359772257,1,2,1
1,1,4,0,0,-0.11671882591892746,-0.5544873301529855,-0.4829532819828443,0.30300926359772257,1,1,1
0,0,0,0,0,-0.36769912118235704,-0.5544873301529855,-0.4829532819828443,0.30300926359772257,1,1,1
1,0,0,1,0,-0.29577983291822807,-0.11431644750502118,-0.4829532819828443,0.30300926359772257,1,0,0
1,1,4,0,1,0.044812878473854234,-0.06746065036223088,-0.4829532819828443,0.30300926359772257,1,0,1
1,1,4,0,0,-0.1838871817009158,-0.5544873301529855,-0.4829532819828443,0.30300926359772257,1,2,1
1,1,2,0,0,-0.5502004585997595,-0.0007680923852666075,-0.47146063353941103,0.30300926359772257,1,0,1
1,0,0,0,0,-0.08329847328593815,-0.5544873301529855,-0.4599679850959777,0.30300926359772257,1,1,1
1,0,0,1,0,-0.5030187842943628,-0.05822629618080506,-0.4599679850959777,2.025673039977366,0,2,0
0,1,0,1,0,-0.3909623078190457,-0.32773263303130684,-0.4599679850959777,0.30300926359772257,1,1,1
0,0,0,0,0,-0.6394852242124025,0.061136281942069465,-0.44847533665254435,0.30300926359772257,0,1,0
1,0,0,0,0,-0.4756599662075529,6.285775026458736,-0.44847533665254435,0.30300926359772257,1,1,1
0,0,0,0,0,-0.06609682119542894,-0.5544873301529855,-0.44847533665254435,0.30300926359772257,0,1,0
1,1,0,1,0,0.369678365097471,-0.5544873301529855,-0.43698268820911107,0.30300926359772257,0,2,0
1,1,0,0,0,-0.4756599662075529,0.16989645341219584,-0.43698268820911107,0.30300926359772257,1,1,1
1,1,1,0,0,-0.4771343935295966,0.1480076138710383,-0.43698268820911107,0.30300926359772257,1,1,1
1,0,0,1,1,-0.4620624697931504,0.18665509618589454,-0.43698268820911107,0.30300926359772257,1,0,1
0,0,0,0,0,-0.4920424920080379,0.08268310836539638,-0.43698268820911107,0.30300926359772257,0,2,0
1,1,0,0,0,-0.3665523443763231,0.15142774504934417,-0.43698268820911107,0.30300926359772257,0,2,0
1,1,0,0,0,-0.5089164935825374,-0.033943364814833454,-0.43698268820911107,0.30300926359772257,1,2,1
1,1,2,1,0,-0.4142254944557343,0.044035626050540164,-0.42549003976567773,0.30300926359772257,1,1,1
0,1,0,0,1,0.015815807806995857,-0.5544873301529855,-0.42549003976567773,0.30300926359772257,0,0,0
1,0,0,0,0,0.17964106581184544,-0.5544873301529855,-0.42549003976567773,0.30300926359772257,0,0,0
0,1,1,0,0,-0.34034030309554714,-0.24222935357366035,-0.42549003976567773,-3.659117422075458,1,1,1
1,0,1,0,1,-0.11655500066092261,-0.5544873301529855,-0.41399739132224445,0.30300926359772257,1,0,0
1,1,2,0,1,-0.4386354578984569,-0.5544873301529855,-0.41399739132224445,0.30300926359772257,0,1,0
1,1,0,1,0,-0.45927744040706797,0.026934970159010863,-0.4025047428788111,0.30300926359772257,1,0,1
1,0,2,0,0,-0.29266715301613594,-0.5544873301529855,-0.4025047428788111,0.30300926359772257,1,1,1
1,1,1,0,0,-0.5932865014550349,0.20888594884488262,-0.4025047428788111,0.30300926359772257,1,0,1
0,1,0,0,0,-0.2913565509520971,-0.5544873301529855,-0.39101209443537777,0.30300926359772257,1,1,1
1,1,2,0,1,0.13868475131063304,-0.10987027697322356,-0.39101209443537777,0.30300926359772257,1,0,1
1,1,2,1,0,-0.28316528805185465,-0.4717201556379836,-0.39101209443537777,0.30300926359772257,1,1,1
1,1,2,0,0,-0.36769912118235704,-0.39681928283308526,-0.39101209443537777,-3.659117422075458,1,2,1
1,1,0,0,0,-0.355739877348003,0.11243824961665737,-0.39101209443537777,0.30300926359772257,1,0,1
1,1,2,0,0,-0.4756599662075529,0.0748168066552929,-0.3795194459919445,0.30300926359772257,1,2,1
1,0,0,1,0,-0.2459769544847538,0.015306524152770937,-0.3795194459919445,0.30300926359772257,1,0,1
1,1,2,1,0,-0.19289757089118253,-0.19879368760917593,-0.36802679754851114,0.30300926359772257,1,2,1
1,0,0,1,0,-0.2712060442175006,0.01599055038843211,-0.36802679754851114,0.30300926359772257,1,1,1
1,1,1,0,1,-0.7213978532148273,0.4790763119310456,-0.36802679754851114,0.30300926359772257,1,2,0
1,1,4,0,0,-0.1617707718702611,-0.12697093286475286,-0.36802679754851114,0.30300926359772257,1,2,1
0,1,0,0,0,-0.17536826828466362,0.283786821649781,-0.36802679754851114,0.30300926359772257,1,2,0
0,0,0,0,0,-0.4324100980942726,-0.055490191238160375,-0.36802679754851114,0.30300926359772257,1,2,1
1,1,0,1,0,-0.5161248049347508,0.140825338396596,-0.36802679754851114,0.30300926359772257,1,0,1
1,1,1,0,0,0.30251000931548266,0.01564853727060152,-0.36802679754851114,-3.1423182891615644,0,2,0
1,1,2,1,0,-0.1231080109811166,-0.5544873301529855,-0.36802679754851114,0.30300926359772257,1,0,1
1,1,0,0,0,1.8493480953972723,-0.5544873301529855,-0.36802679754851114,0.30300926359772257,1,1,1
1,1,0,0,0,-0.17536826828466362,0.283786821649781,-0.36802679754851114,0.30300926359772257,1,2,0
1,0,0,1,0,-0.28054408392377705,-0.5544873301529855,-0.36802679754851114,0.30300926359772257,1,0,1
1,1,0,0,0,-0.2667827622513697,-0.5544873301529855,-0.36802679754851114,0.30300926359772257,1,1,1
1,0,2,0,0,-0.2974180854982766,-0.5544873301529855,-0.36802679754851114,0.30300926359772257,0,0,0
1,1,0,0,0,-0.4289697676761708,0.13501111539347604,-0.36802679754851114,0.30300926359772257,1,0,1
1,0,0,0,0,-0.3562313531220176,0.38228659958498973,-0.36802679754851114,0.30300926359772257,1,2,1
1,0,0,1,0,-0.2572808972870884,-0.5544873301529855,-0.36802679754851114,0.30300926359772257,1,0,1
0,0,0,0,0,-0.25515116893302536,-0.5544873301529855,-0.3565341491050778,0.30300926359772257,1,1,1
1,0,0,1,0,-0.40570658103948215,0.26805421822957404,-0.3565341491050778,0.30300926359772257,1,1,1
1,1,1,1,0,-0.32838105926119315,0.006414183089175699,-0.3565341491050778,-2.280986400971743,1,2,1
1,0,1,0,0,-0.38359017120882744,0.12509273497638906,-0.3565341491050778,-2.280986400971743,0,2,0
1,1,0,0,0,-0.12753129294724755,0.4226441474889989,-0.3565341491050778,-4.6927156879032434,0,2,1
1,1,2,1,0,-0.33395111803335803,0.10115181672824804,-0.3450415006616445,0.30300926359772257,0,0,0
0,0,0,0,0,-0.19224226985916312,-0.5544873301529855,-0.3450415006616445,0.30300926359772257,1,1,0
0,1,0,0,0,-0.13441195378345122,-0.5544873301529855,-0.3450415006616445,0.30300926359772257,1,0,0
0,0,1,0,0,-0.26072122770519024,-0.5544873301529855,-0.3450415006616445,0.30300926359772257,1,0,1
1,1,2,0,0,0.7043733672013787,-0.5544873301529855,-0.3450415006616445,0.30300926359772257,1,2,1
1,1,0,0,0,-0.24188132303463256,-0.2808768358885166,-0.3450415006616445,0.30300926359772257,1,1,1
0,0,1,0,0,-0.3051178726245045,-0.5544873301529855,-0.3450415006616445,0.30300926359772257,0,1,1
1,1,0,0,0,-0.717302221764706,0.3939150455912297,-0.3450415006616445,0.30300926359772257,1,0,1
1,0,0,0,0,-0.2708783937014909,-0.5544873301529855,-0.3335488522182112,2.025673039977366,1,2,0
1,1,2,1,0,-0.511537697710615,-0.5544873301529855,-0.3335488522182112,0.30300926359772257,1,0,0
0,1,0,0,0,-0.3255960298751107,0.40862160965794486,-0.3335488522182112,0.30300926359772257,0,1,1
1,1,1,0,0,-0.5552790415979099,0.44590103950147875,-0.3335488522182112,0.30300926359772257,1,2,0
1,0,1,0,0,-0.28447589011589347,-0.5544873301529855,-0.3335488522182112,-2.280986400971743,1,2,1
1,1,2,1,0,-0.5587193720160116,0.0012839863217169087,-0.3335488522182112,-2.280986400971743,1,1,1
1,1,2,0,0,-0.3773648114046432,-0.07566896519016494,-0.3335488522182112,0.30300926359772257,1,2,1
1,1,1,1,0,-0.4505947017328109,-0.04146765340710635,-0.3335488522182112,-2.280986400971743,0,0,0
1,1,4,1,0,-0.3781839376946674,-0.5544873301529855,-0.3335488522182112,0.30300926359772257,1,0,1
0,0,0,0,0,-0.7795558198065489,0.705146982817063,-0.3335488522182112,2.025673039977366,1,0,1
0,1,2,0,0,-0.5524940122118274,0.003678078146531011,-0.3335488522182112,2.025673039977366,1,1,1
1,0,0,0,0,-0.5816549081366906,0.41682992448587897,-0.32205620377477784,0.30300926359772257,1,0,0
1,1,0,0,0,-0.3118347082027033,0.01564853727060152,-0.32205620377477784,0.30300926359772257,1,1,1
1,1,0,0,0,-0.45927744040706797,0.6425585822540657,-0.31056355533134455,-3.1423182891615644,1,2,1
1,1,0,1,0,-0.19912293069536682,-0.5544873301529855,-0.31056355533134455,-2.280986400971743,1,1,1
1,0,0,1,0,0.10510057341963888,-0.5544873301529855,-0.31056355533134455,0.30300926359772257,0,0,0
1,1,1,0,0,-0.4347036517063405,0.07550083289095408,-0.31056355533134455,0.30300926359772257,1,1,1
0,0,0,0,0,-0.2096077472076772,-0.5544873301529855,-0.31056355533134455,0.30300926359772257,1,1,1
1,1,0,0,0,-0.4920424920080379,0.18665509618589454,-0.31056355533134455,0.30300926359772257,1,1,1
0,0,0,0,0,-0.14030966307162582,-0.5544873301529855,-0.31056355533134455,0.30300926359772257,1,1,1
1,1,0,1,0,-0.5302137771231679,0.2663441526404211,-0.31056355533134455,0.30300926359772257,1,2,1
1,1,0,1,0,-0.45927744040706797,0.09909973802126451,-0.2990709068879112,0.30300926359772257,0,1,0
0,0,0,0,0,-0.2027270863714735,-0.5544873301529855,-0.2990709068879112,0.30300926359772257,0,1,0
1,1,0,0,0,-0.31232618397671785,0.11722643326628558,-0.2990709068879112,0.30300926359772257,1,0,1
1,1,1,0,0,-0.2708783937014909,-0.5544873301529855,-0.2990709068879112,0.30300926359772257,1,1,1
1,1,2,0,0,-0.22844765187823488,0.032749193162130825,-0.2990709068879112,0.30300926359772257,1,1,1
0,0,0,0,0,-0.2605574024471854,-0.5544873301529855,-0.2990709068879112,-2.280986400971743,1,2,1
1,0,1,0,0,-0.16701318012641628,0.058742190117255365,-0.28757825844447793,0.30300926359772257,1,2,1
1,0,0,0,0,-0.05790555829518646,-0.5544873301529855,-0.2760856100010446,0.30300926359772257,1,1,1
1,0,0,0,0,0.143108033276764,-0.5544873301529855,-0.2760856100010446,0.30300926359772257,0,0,0
1,1,0,0,0,-0.1806106765408188,-0.5544873301529855,-0.2760856100010446,0.30300926359772257,1,2,1
1,1,0,0,0,-0.2959436581762329,0.18323496500758868,-0.26459296155761125,0.30300926359772257,0,0,0
1,1,0,1,0,-0.4620624697931504,0.2519796016915365,-0.25310031311417797,0.30300926359772257,1,2,1
0,0,2,0,0,-0.2708783937014909,0.15792599428812532,-0.25310031311417797,0.30300926359772257,1,1,1
0,1,0,0,0,-0.45190530379684973,0.6220377951842305,-0.25310031311417797,0.30300926359772257,0,2,0
0,0,0,0,0,-0.3796583650167111,-0.5544873301529855,-0.25310031311417797,0.30300926359772257,1,1,1
1,1,0,0,0,-0.4756599662075529,0.7437944651319192,-0.25310031311417797,0.30300926359772257,1,2,1
1,0,0,1,1,0.31610750572988516,-0.5544873301529855,-0.25310031311417797,0.30300926359772257,1,0,0
1,0,0,0,0,-0.39702384236522514,0.15792599428812532,-0.25310031311417797,0.30300926359772257,1,0,1
1,1,0,0,1,5.52804426389617,1.0700749795422984,-0.25310031311417797,0.30300926359772257,1,1,1
1,0,0,0,0,-0.19863145492135226,-0.5544873301529855,-0.25310031311417797,0.30300926359772257,1,0,1
0,0,0,1,0,-0.5728083442044287,0.2543736935163506,-0.25310031311417797,-3.1423182891615644,1,2,1
0,0,0,1,0,-0.1630813739342999,-0.5544873301529855,-0.25310031311417797,0.30300926359772257,1,1,1
1,0,0,1,0,-0.36278436344221154,0.33406274997087715,-0.25310031311417797,-3.1423182891615644,1,0,1
1,1,2,0,0,0.06807606511054287,1.1555782589999448,-0.25310031311417797,0.30300926359772257,1,0,1
1,0,0,0,1,0.10591969970966313,0.9274555094069439,-0.25310031311417797,-2.280986400971743,1,2,0
0,0,0,0,0,0.29431874641524014,-0.5544873301529855,-0.25310031311417797,0.30300926359772257,1,0,1
1,1,0,0,0,-0.278414355569714,0.12953890550818667,-0.25310031311417797,0.30300926359772257,1,0,1
1,1,2,0,0,-0.27628462721565095,-0.5544873301529855,-0.25310031311417797,0.30300926359772257,1,1,1
1,1,0,0,0,-0.09607684341031641,-0.2388092223953545,-0.25310031311417797,-2.280986400971743,1,2,1
1,1,0,0,0,-0.4620624697931504,0.16887041405870407,-0.25310031311417797,0.30300926359772257,1,2,1
1,1,0,1,0,-0.15341568371201378,-0.5544873301529855,-0.25310031311417797,0.30300926359772257,1,0,1
1,1,1,0,0,-0.37916688924269654,-0.11671053932983527,-0.24160766467074463,0.30300926359772257,0,1,0
1,1,0,0,0,-0.4484649733787479,0.9161690765185345,-0.24160766467074463,0.30300926359772257,1,0,1
1,1,0,0,0,-0.4266762140641029,0.21606822431932493,-0.23011501622731131,0.30300926359772257,1,1,1
1,0,0,0,0,-0.20813331988563355,-0.5544873301529855,-0.23011501622731131,0.30300926359772257,1,1,1
1,1,0,0,0,-0.4432225651225927,0.1411673515144266,-0.23011501622731131,0.30300926359772257,1,1,1
0,0,0,0,1,-0.3178962427488828,-0.5544873301529855,-0.23011501622731131,0.30300926359772257,1,2,1
1,1,0,1,0,-0.3272342824551592,0.9561846113047131,-0.21862236778387797,0.30300926359772257,1,1,1
1,1,1,0,0,-0.4130787176497004,0.07584284600878466,-0.21862236778387797,2.025673039977366,1,1,1
1,1,2,1,0,-0.3816242681127693,0.061136281942069465,-0.21862236778387797,0.30300926359772257,0,1,0
1,1,4,0,0,-0.3282172340031883,0.3005454644234797,-0.21862236778387797,0.30300926359772257,0,0,0
1,1,2,1,0,-0.24351957561468104,-0.5544873301529855,-0.20712971934044466,0.30300926359772257,1,1,1
0,1,0,1,0,-0.21353955339979358,-0.5544873301529855,-0.20712971934044466,0.30300926359772257,1,0,1
1,1,4,0,0,-0.17389384096261998,-0.48984685088300467,-0.20712971934044466,0.30300926359772257,1,1,1
1,0,0,0,0,-0.04578248920282759,-0.5544873301529855,-0.20712971934044466,0.30300926359772257,0,0,0
1,1,0,1,0,-0.26039357718918055,-0.04728187641022631,-0.20712971934044466,-0.5583226245920992,1,1,1
1,0,0,0,0,-0.07428808409567142,-0.5544873301529855,-0.19563707089701135,0.30300926359772257,1,2,1
1,1,4,1,1,0.2779362206147552,-0.5544873301529855,-0.19563707089701135,-4.003650177351386,1,2,1
1,1,0,0,0,-0.08903235731610788,-0.270616442353599,-0.19563707089701135,0.30300926359772257,1,1,1
1,1,2,0,0,-0.4620624697931504,0.24240323439228006,-0.19563707089701135,0.30300926359772257,1,0,1
1,1,0,0,0,0.01384990471093766,-0.5544873301529855,-0.19563707089701135,0.30300926359772257,1,0,1
1,1,2,1,0,-0.5069505904864792,-0.12526086727559993,-0.19563707089701135,0.30300926359772257,0,0,0
0,0,0,1,1,2.0906627004384157,-0.5544873301529855,-0.19563707089701135,0.30300926359772257,1,2,1
1,0,0,1,0,-0.3609822856041582,0.21641023743715554,-0.18414442245357804,-2.280986400971743,0,2,0
1,0,0,0,0,-0.421106155291938,0.08063102965841287,-0.18414442245357804,0.30300926359772257,1,0,1
1,1,2,1,0,-0.3801498407907256,0.18699710930372512,-0.18414442245357804,0.30300926359772257,1,2,1
1,0,0,1,1,-0.46746870330731044,0.14390345645707128,-0.18414442245357804,0.30300926359772257,1,0,1
1,0,0,0,0,-0.325268379359101,-0.5544873301529855,-0.1726517740101447,0.30300926359772257,1,1,0
0,1,2,0,0,-0.1835595311849061,0.26052992963730115,-0.1726517740101447,0.30300926359772257,1,1,1
1,1,2,0,0,-0.16439197599833869,-0.5544873301529855,-0.1726517740101447,0.30300926359772257,0,1,0
1,1,1,0,0,-0.13441195378345122,-0.03873154846446166,-0.1611591255667114,0.30300926359772257,1,0,0
1,1,4,0,0,-0.3233024762630428,-0.12697093286475286,-0.1611591255667114,0.30300926359772257,0,1,0
1,1,0,0,0,0.13868475131063304,-0.5544873301529855,-0.1611591255667114,0.30300926359772257,1,1,1
1,1,4,1,0,-0.07740076399776356,-0.5544873301529855,-0.1611591255667114,0.30300926359772257,1,1,0
1,0,0,0,1,-0.03890182836662391,-0.5544873301529855,-0.1611591255667114,0.30300926359772257,1,1,1
1,1,0,0,0,-0.3391935262895132,0.3005454644234797,-0.1611591255667114,0.30300926359772257,1,1,1
1,0,0,0,1,0.2889125129010801,-0.5544873301529855,-0.1611591255667114,0.30300926359772257,1,2,1
1,1,4,0,0,0.38278438573785895,-0.5544873301529855,-0.1611591255667114,-2.280986400971743,1,2,1
1,1,0,0,0,-0.5439750987955752,0.5228539910133606,-0.1611591255667114,0.30300926359772257,1,1,1
1,1,1,1,0,-0.5184183585468186,0.3087537792514138,-0.1611591255667114,0.30300926359772257,1,2,1
1,1,4,0,0,0.04907233518198032,-0.5544873301529855,-0.1611591255667114,0.30300926359772257,1,2,1
1,1,2,1,0,-0.19715702759930862,-0.06540857165524737,-0.14966647712327807,0.30300926359772257,1,0,0
1,1,0,0,0,-0.48565330694584874,0.5854423915763579,-0.14966647712327807,0.30300926359772257,1,0,1
1,1,4,1,1,-0.3391935262895132,0.18631308306806396,-0.13817382867984473,0.30300926359772257,1,1,1
1,1,4,1,1,0.04907233518198032,-0.5544873301529855,-0.13817382867984473,0.30300926359772257,1,0,1
1,0,0,0,0,-0.07969431760983145,-0.5544873301529855,-0.13817382867984473,0.30300926359772257,0,0,1
0,1,0,0,0,-0.48827451107392633,-0.38177070564853943,-0.13817382867984473,0.30300926359772257,1,1,1
1,1,0,0,0,-0.10705313569664134,0.24342927374577183,-0.13817382867984473,0.30300926359772257,1,2,1
1,1,4,0,0,0.5482478963227571,1.1542102065286224,-0.13817382867984473,0.30300926359772257,1,0,1
1,1,0,0,0,-0.17913624921877516,-0.5544873301529855,-0.13817382867984473,0.30300926359772257,1,1,1
1,1,2,0,0,-0.002041145315532749,-0.5544873301529855,-0.13817382867984473,0.30300926359772257,1,2,1
1,1,1,0,1,-0.3174047669748682,-0.14065145757797629,-0.13817382867984473,0.30300926359772257,1,0,1
1,0,0,1,0,0.2260036138272179,-0.5544873301529855,-0.13817382867984473,0.30300926359772257,1,1,1
1,1,0,0,0,-0.4006279980413318,0.4373507115557141,-0.12668118023641142,0.30300926359772257,1,1,1
1,1,0,0,0,-0.5970544823891465,0.6565811200851197,-0.12668118023641142,0.30300926359772257,1,1,1
1,1,0,0,0,-0.2746463746356025,0.052585953996304814,-0.12668118023641142,0.30300926359772257,1,1,1
1,1,1,1,0,-0.5644532560461814,0.2786566248823222,-0.12668118023641142,0.30300926359772257,1,0,1
0,0,0,0,0,-0.06609682119542894,-0.5544873301529855,-0.11518853179297811,0.30300926359772257,1,0,1
0,0,0,0,0,-0.3665523443763231,0.4664218265713139,-0.11518853179297811,0.30300926359772257,1,0,1
1,0,0,1,0,-0.5008890559402998,-0.007266341624047742,-0.11518853179297811,0.30300926359772257,1,1,1
0,0,1,1,1,-0.03480619691650267,-0.5544873301529855,-0.11518853179297811,0.30300926359772257,1,1,1
1,1,2,0,0,-0.414553144971744,0.08576122642587165,-0.11518853179297811,0.30300926359772257,0,1,0
1,1,0,0,0,-0.2965989592082523,0.9045406305122946,-0.11518853179297811,-2.280986400971743,0,0,0
1,0,0,1,1,0.06496338520845074,-0.5544873301529855,-0.11518853179297811,0.30300926359772257,1,1,1
1,1,0,1,0,-0.08460907534997694,-0.5544873301529855,-0.10369588334954478,0.30300926359772257,1,0,0
1,1,2,1,0,-0.18274040489488186,0.5615014733282169,-0.10369588334954478,-2.280986400971743,1,2,1
1,0,0,1,0,0.13311469253846817,-0.5544873301529855,-0.10369588334954478,0.30300926359772257,1,0,0
1,1,2,0,0,0.08707979503910543,-0.5544873301529855,-0.10369588334954478,0.30300926359772257,1,1,1
0,0,0,0,1,-0.13441195378345122,-0.5544873301529855,-0.10369588334954478,0.30300926359772257,0,1,0
1,1,0,0,0,-0.23958776942256466,0.24445531309926358,-0.09220323490611147,0.30300926359772257,1,1,1
1,1,2,0,0,-0.1290057202692912,-0.5544873301529855,-0.09220323490611147,0.30300926359772257,1,2,0
1,0,0,0,0,-0.5477430797296867,0.20101964713477916,-0.09220323490611147,0.30300926359772257,1,1,1
1,1,2,0,0,-0.3686820727303861,-0.020946866337271185,-0.09220323490611147,0.30300926359772257,1,2,1
1,1,0,0,0,-0.3337872927753532,0.19794152907430387,-0.08071058646267815,0.30300926359772257,1,0,0
1,1,1,1,0,-0.3118347082027033,-0.18408712354246073,-0.08071058646267815,0.30300926359772257,1,2,1
1,1,0,0,0,-0.8606493225189494,0.061136281942069465,-0.08071058646267815,0.30300926359772257,1,0,0
0,0,0,0,1,-0.325268379359101,-0.5544873301529855,-0.08071058646267815,0.30300926359772257,1,0,0
0,1,1,0,0,-0.12081445736904871,-0.5544873301529855,-0.08071058646267815,0.30300926359772257,1,2,1
0,0,0,0,0,-0.26891249060543276,0.015306524152770937,-0.08071058646267815,0.30300926359772257,1,0,1
1,1,2,0,0,-0.34853156599578966,-0.38895298112298177,-0.08071058646267815,0.30300926359772257,1,1,1
0,0,0,0,0,-0.18077450179882365,-0.5544873301529855,-0.06921793801924483,0.30300926359772257,0,1,0
1,0,0,0,0,-0.4976125507802028,0.3111478710762279,-0.06921793801924483,0.30300926359772257,1,1,1
1,0,0,0,0,-0.014328039665896469,-0.5544873301529855,-0.06921793801924483,0.30300926359772257,1,2,1
1,1,0,0,0,0.9407732145023766,-0.5544873301529855,-0.06921793801924483,0.30300926359772257,1,2,1
1,1,0,0,0,-0.5030187842943628,0.27215837564354106,-0.06921793801924483,0.30300926359772257,1,2,1
1,0,2,0,0,-0.17192793786656177,-0.5544873301529855,-0.06921793801924483,0.30300926359772257,1,0,1
1,1,0,0,0,-0.37949453975870623,0.20136166025260974,-0.06921793801924483,0.30300926359772257,0,1,0
0,1,0,0,0,-0.4782811703356305,0.23282686709302367,-0.05772528957581151,0.30300926359772257,1,1,1
0,0,0,0,0,-0.5351285348633134,2.516790467965677,-0.05772528957581151,0.30300926359772257,0,1,1
1,1,0,0,0,-0.36540556757028914,0.478734298813215,-0.05772528957581151,0.30300926359772257,1,2,1
1,1,1,1,0,0.1973341936763692,-0.5544873301529855,-0.05772528957581151,-2.280986400971743,1,2,1
1,1,2,1,1,-0.10951051456671408,-0.5544873301529855,-0.04623264113237819,0.30300926359772257,1,2,0
0,0,2,0,0,-0.32379395203705735,-0.5544873301529855,-0.04623264113237819,0.30300926359772257,1,2,0
1,1,0,0,0,-0.35344632373593515,-0.06985474218704499,-0.04623264113237819,0.30300926359772257,1,1,1
1,1,0,0,0,0.06971431769059137,-0.5544873301529855,-0.04623264113237819,0.30300926359772257,1,0,1
0,1,0,1,1,0.2848168814509589,-0.5544873301529855,-0.04623264113237819,0.30300926359772257,1,0,1
1,1,1,1,0,-0.22173081630003605,1.2588662205847818,-0.04623264113237819,0.30300926359772257,1,0,0
0,1,0,0,1,-0.40537893052347246,0.24342927374577183,-0.03473999268894487,0.30300926359772257,1,1,1
1,1,0,0,0,-0.3814604428547644,0.27181636252571045,-0.03473999268894487,0.30300926359772257,1,0,1
1,1,1,0,0,-0.3683544222143764,0.05395400646762716,-0.02324734424551155,0.30300926359772257,1,1,1
1,1,1,1,0,-0.47402171362750445,0.12372468250506671,-0.02324734424551155,-2.280986400971743,1,2,0
1,0,0,0,0,-0.22992207920027855,0.3005454644234797,-0.02324734424551155,0.30300926359772257,1,0,1
1,0,0,0,0,0.09772843680942066,-0.5544873301529855,-0.02324734424551155,0.30300926359772257,1,0,1
0,1,1,0,0,-0.13031632233333,0.4185399900750319,-0.02324734424551155,-2.280986400971743,1,1,1
1,0,0,0,0,0.09772843680942066,-0.5544873301529855,-0.011754695802078231,0.30300926359772257,1,2,1
1,0,0,0,1,0.23239279888940703,-0.5544873301529855,-0.011754695802078231,0.30300926359772257,1,0,1
1,1,0,0,0,-0.2530214405789623,0.5741559586879486,-0.0002620473586449115,-2.280986400971743,1,0,1
0,0,0,0,0,0.0022183113925933404,-0.5544873301529855,0.011230601084788409,2.025673039977366,0,2,0
1,1,0,0,0,-0.48794686055791664,0.24582336557058593,0.011230601084788409,0.30300926359772257,1,1,1
0,1,0,0,0,-0.28447589011589347,-0.055490191238160375,0.022723249528221728,0.30300926359772257,1,1,1
1,1,0,0,0,0.06840371562655258,-0.5544873301529855,0.022723249528221728,0.30300926359772257,1,2,1
0,0,0,0,0,-0.22992207920027855,0.22359251291159785,0.022723249528221728,0.30300926359772257,1,1,1
1,1,2,1,0,-0.3352617200973968,0.4233281737246601,0.022723249528221728,0.30300926359772257,1,2,1
1,0,0,0,0,-0.39849826968726876,0.4000712817121802,0.022723249528221728,0.30300926359772257,1,1,1
1,1,2,0,1,0.056116821276188854,-0.5544873301529855,0.022723249528221728,-3.659117422075458,1,0,1
1,0,0,0,0,-0.47140050949942686,0.0553220589389495,0.03421589797165505,0.30300926359772257,1,0,1
1,1,1,0,0,-0.4286421171601611,0.10115181672824804,0.04570854641508837,0.30300926359772257,0,0,0
1,0,4,1,0,-0.11409762179084987,0.12714481368337258,0.06869384330195501,0.30300926359772257,1,1,1
1,1,2,0,0,-0.3473847891897557,0.1415093646322572,0.06869384330195501,0.30300926359772257,1,2,1
1,1,0,0,0,-0.2384409926165307,0.0382214030474202,0.08018649174538833,0.30300926359772257,0,0,0
1,1,2,0,0,-0.11393379653284502,-0.08011513572196256,0.09167914018882165,0.30300926359772257,1,1,1
1,1,0,0,0,-0.456000935246971,0.20580783078440737,0.09167914018882165,0.30300926359772257,1,1,1
0,0,1,0,1,0.527605913814146,-0.5544873301529855,0.09167914018882165,0.30300926359772257,1,1,1
1,1,2,0,0,-0.3380467494834793,0.030355101337316722,0.09167914018882165,0.30300926359772257,0,0,0
1,1,2,0,1,1.8219892773104625,-0.20768602867277117,0.09167914018882165,0.30300926359772257,1,0,1
1,1,4,0,0,-0.3174047669748682,0.6179336377702636,0.09167914018882165,0.30300926359772257,1,0,1
1,1,4,0,0,0.16424149155938958,-0.5544873301529855,0.09167914018882165,0.30300926359772257,1,1,0
1,1,1,0,1,-0.27628462721565095,0.44590103950147875,0.10317178863225497,0.30300926359772257,1,1,0
1,0,0,0,0,-0.09181738670219032,0.747214596310225,0.10317178863225497,0.30300926359772257,1,1,1
1,0,0,0,0,-0.2143586796898178,0.6244318870090446,0.10317178863225497,0.30300926359772257,1,0,1
0,0,0,0,0,-0.06609682119542894,0.31456800225453374,0.10317178863225497,2.025673039977366,1,0,0
1,1,0,1,0,-0.3000392896263542,0.8525546366020456,0.11466443707568828,0.30300926359772257,0,0,0
1,1,0,0,1,-0.4630454213411795,0.7280618617117123,0.11466443707568828,0.30300926359772257,1,0,1
1,1,2,1,0,-0.3080667272685918,0.5502150404398075,0.11466443707568828,0.30300926359772257,0,0,0
1,1,1,0,0,0.4745265302205747,-0.5544873301529855,0.11466443707568828,-0.5583226245920992,0,1,0
1,0,1,0,0,5.294101795465245,-0.5544873301529855,0.11466443707568828,0.30300926359772257,1,1,1
1,1,0,0,0,-0.39128995833505537,0.19383737166033685,0.1261570855191216,0.30300926359772257,1,0,1
0,1,0,0,0,-0.36638851911831827,0.22632861785424252,0.13764973396255492,0.30300926359772257,1,1,1
0,0,0,1,0,-0.17258323889858118,-0.5544873301529855,0.13764973396255492,0.30300926359772257,1,0,1
1,0,0,0,0,-0.3994812212352979,1.3953294545991857,0.14914238240598823,-4.003650177351386,1,2,1
0,0,1,0,0,-0.31494738810479544,-0.5544873301529855,0.14914238240598823,-4.348182932627315,1,1,0
1,1,1,0,1,0.753029468828819,-0.5544873301529855,0.14914238240598823,0.30300926359772257,1,0,0
1,1,2,0,0,-0.03578914846453177,-0.5544873301529855,0.14914238240598823,0.30300926359772257,1,1,1
1,1,0,0,0,-0.4317547970622532,0.11243824961665737,0.14914238240598823,0.30300926359772257,1,0,1
1,1,0,1,1,-0.4111128145536422,0.4004132948300108,0.14914238240598823,0.30300926359772257,1,0,1
0,0,0,0,0,0.09772843680942066,-0.5544873301529855,0.16063503084942157,0.30300926359772257,1,2,1
1,1,4,0,0,0.16604356939744294,-0.5544873301529855,0.17212767929285488,-2.280986400971743,1,0,1
1,1,2,1,0,-0.23205180755434157,-0.0719068208940285,0.17212767929285488,0.30300926359772257,1,0,1
1,1,4,0,0,-0.38784962791695354,0.30191351689480206,0.1836203277362882,0.30300926359772257,0,1,0
1,1,2,0,0,-0.20256326111346865,-0.059594348652127406,0.1836203277362882,0.30300926359772257,1,0,1
1,0,0,0,0,-0.10574253363260254,-0.5544873301529855,0.1836203277362882,2.025673039977366,1,1,1
1,0,1,1,1,-0.2212393405260215,0.2752364937040163,0.1836203277362882,0.30300926359772257,0,2,0
1,1,1,1,0,-0.13916288626559187,-0.13415320833919517,0.1836203277362882,0.30300926359772257,1,2,1
1,1,1,0,0,-0.3391935262895132,0.5570553027964192,0.1836203277362882,0.30300926359772257,1,2,1
1,1,0,0,0,-0.48008324817368386,0.07584284600878466,0.19511297617972154,0.30300926359772257,1,0,0
1,1,2,0,0,-0.26006592667317086,-0.2966094393087235,0.20660562462315485,0.30300926359772257,1,2,1
1,1,1,0,1,0.8370718261853068,0.7622631734947708,0.20660562462315485,-2.280986400971743,0,2,0
1,1,1,0,0,0.09772843680942066,-0.5544873301529855,0.20660562462315485,0.30300926359772257,1,0,1
1,1,0,1,0,0.10313467032358069,-0.5544873301529855,0.20660562462315485,0.30300926359772257,1,2,0
1,1,4,0,0,-0.17536826828466362,0.06489842623820591,0.20660562462315485,0.30300926359772257,0,2,1
1,1,1,0,0,-0.025140506694216542,-0.3191823050855422,0.20660562462315485,0.30300926359772257,1,0,1
1,1,0,0,0,-0.47582379146555775,0.28618091347459507,0.20660562462315485,0.30300926359772257,1,1,1
1,1,0,0,0,0.13966770285866215,-0.5544873301529855,0.20660562462315485,0.30300926359772257,1,2,1
0,0,1,0,0,-0.45927744040706797,-0.5544873301529855,0.20660562462315485,0.30300926359772257,1,2,0
1,1,0,0,0,0.4800965889927396,-0.5544873301529855,0.20660562462315485,0.30300926359772257,1,1,0
1,1,0,0,1,-0.5439750987955752,0.8419522299492974,0.20660562462315485,0.30300926359772257,1,1,1
1,1,2,0,1,-0.13441195378345122,0.15792599428812532,0.20660562462315485,0.30300926359772257,1,1,1
1,1,1,1,0,-0.019406622664046805,-0.06540857165524737,0.21809827306658816,0.30300926359772257,0,1,1
1,0,0,0,0,-0.3639311402482455,0.44316493455883404,0.21809827306658816,0.30300926359772257,1,2,1
1,1,1,0,1,-0.3200259711029458,0.15655794181680296,0.22959092151002147,0.30300926359772257,1,1,1
1,0,2,0,0,0.021058216063151045,1.0351896415235784,0.22959092151002147,0.30300926359772257,1,0,1
1,1,0,0,0,-0.24843433335482654,0.35834568133684874,0.22959092151002147,0.30300926359772257,1,1,1
1,0,0,0,0,1.0806799848385182,-0.5544873301529855,0.2525762183968881,0.30300926359772257,1,1,0
1,1,0,1,1,-0.4578030130850243,0.6251159132447058,0.26406886684032144,-2.280986400971743,0,0,0
1,1,2,0,0,0.47993276373473476,0.5286682140164806,0.26406886684032144,0.30300926359772257,1,0,1
1,1,2,0,0,-0.04709309126686639,-0.05822629618080506,0.26406886684032144,0.30300926359772257,0,2,0
1,0,2,0,0,-0.07871136606180236,-0.5544873301529855,0.2755615152837548,0.30300926359772257,0,1,1
0,1,2,0,0,-0.6594719056889942,0.08883934448634694,0.28705416372718806,0.30300926359772257,1,2,0
1,1,2,0,0,-0.22893912765224944,-0.03257531234351111,0.2985468121706214,0.30300926359772257,1,2,1
1,0,0,0,0,0.0022183113925933404,-0.5544873301529855,0.2985468121706214,0.30300926359772257,1,2,1
1,1,0,0,1,-0.7748048873244083,1.2568141418777983,0.2985468121706214,0.30300926359772257,1,0,1
1,1,1,0,0,-0.3732691799545219,0.32893255320341835,0.321532109057488,0.30300926359772257,1,1,0
1,1,0,0,0,-0.3527910227039157,-0.5544873301529855,0.321532109057488,0.30300926359772257,1,0,0
1,1,1,0,0,0.015815807806995857,-0.123550801686447,0.321532109057488,0.30300926359772257,1,0,1
1,1,0,0,0,-0.3596716835401194,0.4941248891155914,0.3445174059443547,0.30300926359772257,1,2,1
1,1,0,0,0,-0.49482752139412034,0.5857844046941885,0.3445174059443547,0.30300926359772257,1,1,1
1,1,1,0,0,-0.1835595311849061,0.4715520233387727,0.3445174059443547,-3.659117422075458,1,0,0
1,0,0,0,0,-0.2830014627938498,0.9165110896363652,0.3445174059443547,0.30300926359772257,1,0,1
1,1,4,1,0,-0.45157765328084004,-0.01171251215584536,0.356010054387788,0.30300926359772257,1,0,0
1,1,0,0,0,-0.2777590545376946,0.3241443695537901,0.356010054387788,0.30300926359772257,1,2,0
1,1,1,0,0,-0.3282172340031883,0.3005454644234797,0.356010054387788,0.30300926359772257,1,1,1
1,1,0,0,0,0.047761733117941525,0.8706813318470666,0.3789953512746546,0.30300926359772257,1,1,1
1,1,0,0,0,0.02695592535132563,0.17810476824012988,0.3789953512746546,0.30300926359772257,1,0,0
1,0,0,0,1,0.25336243191402774,-0.5544873301529855,0.3789953512746546,-2.280986400971743,1,1,1
1,1,0,0,0,0.35624469394107333,-0.20905408114409352,0.3789953512746546,0.30300926359772257,1,1,1
1,1,1,0,0,0.15097164566099677,-0.5544873301529855,0.3789953512746546,0.30300926359772257,1,1,1
1,1,0,0,0,0.31610750572988516,2.295507980729288,0.3789953512746546,-0.5583226245920992,1,0,1
1,0,0,0,0,-0.2708783937014909,1.0700749795422984,0.39048799971808795,0.30300926359772257,1,2,0
1,1,2,0,1,-0.4756599662075529,1.0187730118677103,0.39048799971808795,0.30300926359772257,1,0,1
0,1,0,1,0,-0.5331626317672551,0.5526091322646216,0.4134732966049546,0.30300926359772257,0,1,0
1,1,1,0,0,0.4384849734595078,0.2150421849658332,0.43645859349182126,0.30300926359772257,1,2,1
1,1,4,0,0,-0.36638851911831827,0.8135651411693587,0.43645859349182126,-0.5583226245920992,0,1,0
1,1,2,0,0,0.04317462589380574,0.3576616551011876,0.43645859349182126,0.30300926359772257,1,0,1
1,1,1,0,0,0.1632585400113605,1.9251077741187634,0.43645859349182126,0.30300926359772257,0,2,0
1,1,0,0,0,0.4091602522766397,0.07242271483047881,0.43645859349182126,0.30300926359772257,1,0,1
1,1,0,0,1,0.7469679342826396,-0.5544873301529855,0.43645859349182126,0.30300926359772257,1,0,1
1,1,0,1,0,-0.483195928075776,0.24342927374577183,0.44795124193525454,0.30300926359772257,0,2,0
1,1,0,0,0,0.11083445744980862,0.3241443695537901,0.4594438903786879,0.30300926359772257,1,0,0
1,1,0,0,0,-0.27792287979569946,0.52832620089865,0.4594438903786879,0.30300926359772257,1,0,1
1,1,1,0,1,0.7256706507420091,0.07242271483047881,0.4594438903786879,-2.280986400971743,1,2,1
0,1,0,0,0,-0.20043353275940562,0.234194919564346,0.4594438903786879,0.30300926359772257,1,1,1
1,0,0,0,0,-0.2027270863714735,1.91142724940554,0.4824291872655545,0.30300926359772257,1,2,1
1,1,0,0,1,0.06791223985253803,0.18426100436108045,0.4824291872655545,0.30300926359772257,1,1,1
1,1,1,0,0,1.5038406262650446,-0.5544873301529855,0.49392183570898784,-2.280986400971743,1,0,1
1,1,2,0,0,-0.05921616035922526,0.15792599428812532,0.49392183570898784,0.30300926359772257,1,0,0
1,1,2,1,0,0.3708251419035049,-0.5544873301529855,0.49392183570898784,0.30300926359772257,1,0,1
1,0,4,0,0,0.6165630289107793,-0.5544873301529855,0.49392183570898784,0.30300926359772257,1,0,1
1,0,0,0,0,-0.11802942798296626,0.10046779049258686,0.49392183570898784,0.30300926359772257,1,1,0
1,1,1,1,0,-0.011543010279814025,-0.16767049388659258,0.5054144841524212,0.30300926359772257,1,2,1
1,1,1,0,0,-0.32543220461710587,0.044035626050540164,0.5054144841524212,0.30300926359772257,1,2,1
1,1,4,0,1,-0.02251930256613895,0.052243940878474227,0.5169071325958545,0.30300926359772257,1,1,1
1,1,2,0,0,1.0408704471433399,-0.5544873301529855,0.5169071325958545,-2.280986400971743,1,2,1
1,1,1,0,0,0.6773421996305785,-0.5544873301529855,0.5169071325958545,0.30300926359772257,1,2,1
1,1,0,0,0,0.04989146147200457,1.369336457644061,0.5169071325958545,0.30300926359772257,1,1,1
1,0,0,0,0,0.47993276373473476,0.7280618617117123,0.5169071325958545,0.30300926359772257,1,0,1
1,0,0,0,0,0.672427441890433,-0.5544873301529855,0.5169071325958545,0.30300926359772257,1,0,1
1,1,0,0,0,-0.4551818089569467,1.5830946562881774,0.5169071325958545,0.30300926359772257,1,0,1
1,0,0,0,1,0.8211807761588364,-0.5544873301529855,0.5169071325958545,0.30300926359772257,0,2,0
1,0,0,0,0,-0.2856226669219274,1.1774670985411022,0.5169071325958545,0.30300926359772257,1,1,1
1,1,2,1,0,0.11820659406002686,0.0012839863217169087,0.5169071325958545,2.025673039977366,1,1,0
1,1,2,1,1,0.16047351062527804,-0.21247421232239935,0.5169071325958545,0.30300926359772257,1,0,0
1,1,2,0,0,0.35706382023109756,-0.5544873301529855,0.5169071325958545,0.30300926359772257,1,2,1
1,1,2,0,0,0.13868475131063304,1.379254838061148,0.5283997810392878,-2.280986400971743,1,1,1
1,1,0,0,0,0.6429388954495601,-0.5544873301529855,0.5283997810392878,-2.280986400971743,1,0,1
1,1,0,0,1,-0.4791002966256548,0.47599819387057035,0.5283997810392878,0.30300926359772257,1,2,1
1,0,1,1,1,-0.4315909718042484,-0.027103102458221732,0.5513850779261544,0.30300926359772257,1,1,0
1,1,0,0,1,0.6809463553066852,-0.5544873301529855,0.5628777263695878,0.30300926359772257,1,1,1
1,0,0,0,1,1.7769373313591288,-0.5544873301529855,0.5743703748130211,0.30300926359772257,0,2,0
1,1,2,0,0,0.061686880048353744,-0.5544873301529855,0.5743703748130211,0.30300926359772257,1,2,1
1,1,0,1,0,-0.18077450179882365,0.13432708915781488,0.5973556716998877,0.30300926359772257,1,0,1
0,0,0,0,1,0.3338006335944089,-0.5544873301529855,0.5973556716998877,0.30300926359772257,1,0,0
1,0,1,0,0,0.957811041334881,-0.5544873301529855,0.6203409685867544,0.30300926359772257,1,1,0
1,1,2,0,0,-0.38178809337077413,2.217871002981745,0.6663115623604876,0.30300926359772257,1,2,1
1,1,2,0,0,0.42537895281911986,-0.5544873301529855,0.6663115623604876,0.30300926359772257,1,1,1
1,0,0,0,1,0.1632585400113605,-0.5544873301529855,0.6663115623604876,0.30300926359772257,1,0,1
1,1,1,0,0,0.24107553756366404,-0.5544873301529855,0.6663115623604876,0.30300926359772257,1,1,1
1,1,4,0,0,-0.03873800310861906,0.5286682140164806,0.6663115623604876,0.30300926359772257,1,1,1
1,1,1,0,0,-0.2027270863714735,0.5977548638182589,0.677804210803921,0.30300926359772257,1,2,0
1,1,0,1,0,-0.6119625808675878,0.7759436982079942,0.677804210803921,0.30300926359772257,0,1,0
1,1,2,0,0,0.18619407613203942,-0.5544873301529855,0.7237748045776542,0.30300926359772257,1,1,1
1,1,2,0,1,0.09772843680942066,-0.5544873301529855,0.7237748045776542,-1.4196545127819211,1,1,0
1,1,0,0,0,-0.23106885600631247,0.5652636176243533,0.7467601014645209,0.30300926359772257,1,1,1
1,1,2,0,0,-0.08821323102608364,1.3689944445262305,0.7582527499079542,0.30300926359772257,1,1,1
1,0,0,0,0,0.1440909848247931,0.9558425981868826,0.7697453983513876,0.30300926359772257,0,0,0
1,0,0,0,0,0.5181040488498647,-0.5544873301529855,0.7812380467948208,0.30300926359772257,1,2,1
1,1,2,0,0,0.13868475131063304,0.02522490456985793,0.7812380467948208,0.30300926359772257,1,1,1
1,1,0,0,0,0.08511389194304723,0.1480076138710383,0.7927306952382541,0.30300926359772257,1,0,1
0,0,0,0,0,0.753029468828819,-0.5544873301529855,0.8272086405685541,0.30300926359772257,1,1,0
1,1,2,0,0,-0.26268713080124845,0.6767598940371243,0.8501939374554207,0.30300926359772257,0,2,0
1,1,0,0,0,-0.717302221764706,1.3265848179152377,0.8501939374554207,0.30300926359772257,1,0,1
1,1,0,1,0,0.11345566157788621,-0.5544873301529855,0.8731792343422874,0.30300926359772257,0,0,0
1,1,2,0,0,0.9851698594216909,-0.1693805594757455,0.9536277734463207,0.30300926359772257,1,2,1
0,0,0,0,0,0.753029468828819,0.015306524152770937,0.9536277734463207,0.30300926359772257,1,0,0
0,0,0,1,1,1.9428923177180415,-0.5544873301529855,0.9536277734463207,0.30300926359772257,1,1,1
1,1,0,0,0,0.6028017072383719,-0.5544873301529855,0.9881057187766206,0.30300926359772257,1,1,1
1,1,2,0,0,0.21240611741281537,0.044035626050540164,1.0110910156634871,-0.5583226245920992,1,1,1
1,1,0,0,0,0.8894959087468587,-0.5544873301529855,1.0570616094372205,0.30300926359772257,1,1,1
1,1,2,0,0,-0.06609682119542894,0.6996747729317736,1.0800469063240872,0.30300926359772257,1,1,1
1,1,2,0,1,-0.6231026984119176,6.285775026458736,1.114524851654387,0.30300926359772257,1,2,0
1,1,1,0,1,0.3904841728640869,-0.5544873301529855,1.1260175000978203,0.30300926359772257,1,2,1
1,0,0,0,0,1.571991933595062,-0.5544873301529855,1.149002796984687,0.30300926359772257,0,1,0
1,1,2,0,0,-0.31019645562265485,0.9558425981868826,1.1604954454281204,0.30300926359772257,1,0,1
1,0,0,0,0,0.6163992036527745,-0.5544873301529855,1.1719880938715537,0.30300926359772257,1,2,0
1,1,2,0,0,0.47993276373473476,-0.5544873301529855,1.1949733907584204,0.30300926359772257,1,1,1
1,1,1,0,0,0.10837707857973587,0.13090695797950902,1.2409439845321537,0.30300926359772257,1,1,1
1,1,1,0,0,0.437174371395469,-0.47240418187364475,1.2754219298624536,0.30300926359772257,1,2,1
1,1,0,0,0,-0.13441195378345122,1.369336457644061,1.2984072267493203,0.30300926359772257,1,1,1
1,1,0,0,0,0.056116821276188854,-0.5544873301529855,1.2984072267493203,0.30300926359772257,1,2,0
0,0,4,0,0,-0.3801498407907256,-0.5544873301529855,1.2984072267493203,0.30300926359772257,1,0,1
1,1,0,0,0,0.052840316116091864,1.0170629462785574,1.3328851720796202,0.30300926359772257,1,1,0
1,1,2,0,0,0.5562753339649946,-0.5544873301529855,1.3328851720796202,0.30300926359772257,0,2,0
0,0,0,0,0,0.8198701740947977,-0.5544873301529855,1.3443778205230534,0.30300926359772257,1,2,1
1,1,0,0,0,0.15228224772503557,1.0129587888645903,1.3443778205230534,0.30300926359772257,1,1,1
1,1,1,0,0,4.659606571212462,-0.5544873301529855,1.3558704689664869,0.30300926359772257,1,1,0
1,1,4,0,1,0.7758011796914931,-0.5544873301529855,1.3558704689664869,0.30300926359772257,1,1,1
1,1,0,0,1,1.7556400478184984,-0.5544873301529855,1.3558704689664869,0.30300926359772257,1,2,1
1,1,0,0,0,0.09772843680942066,0.2150421849658332,1.4133337111836535,0.30300926359772257,1,1,0
1,1,2,0,1,0.0022183113925933404,0.8805997122641536,1.4363190080705202,0.30300926359772257,1,2,1
1,1,0,0,0,0.4144026605327949,-0.5544873301529855,1.5282601956179866,0.30300926359772257,1,2,0
1,1,4,0,0,0.6717721408584136,-0.5544873301529855,1.5282601956179866,0.30300926359772257,1,0,1
1,1,2,0,0,1.8450886386891463,-0.5544873301529855,1.5282601956179866,0.30300926359772257,1,2,1
1,1,1,1,0,-0.44928409966877214,1.874147819562006,1.5742307893917198,-2.280986400971743,1,1,1
0,0,0,0,0,0.47993276373473476,-0.5544873301529855,1.5857234378351532,0.30300926359772257,1,1,1
0,1,1,0,1,0.9987673558360934,-0.5544873301529855,1.654679328495753,0.30300926359772257,0,2,0
1,1,4,0,0,-0.22992207920027855,2.0961143330340564,1.7006499222694864,0.30300926359772257,1,1,0
0,0,4,0,1,0.6476898279317007,-0.5544873301529855,1.723635219156353,0.30300926359772257,1,1,1
1,0,0,0,0,0.08806274658713453,0.8929121845060547,1.7696058129300862,0.30300926359772257,1,1,1
1,1,4,0,0,1.5721557588530668,-0.5544873301529855,1.8155764067038196,0.30300926359772257,1,0,1
1,1,0,0,0,1.5202231520655296,0.16374021729124527,1.861547000477553,0.30300926359772257,1,0,0
1,0,0,0,0,0.5482478963227571,0.8706813318470666,1.907517594251286,0.30300926359772257,1,0,0
1,0,0,0,0,0.06742076407852347,0.699332759813943,1.9419955395815862,0.30300926359772257,1,0,0
1,1,1,0,0,0.8758984123324562,-0.5544873301529855,1.9534881880250194,0.30300926359772257,1,2,1
1,1,1,0,0,0.09035630019920242,1.369336457644061,1.9879661333553194,0.30300926359772257,1,2,1
1,0,4,0,0,1.162592613840943,0.4715520233387727,2.045429375572486,0.30300926359772257,1,0,0
1,1,0,0,0,0.11951719612406565,0.7814159080932837,2.0913999693462193,0.30300926359772257,1,2,1
1,1,1,0,0,0.11132593322382317,0.8990684206270052,2.160355860006819,0.30300926359772257,1,2,1
1,1,1,0,0,1.2184570268205968,3.1967125462128823,2.3787161804320522,0.30300926359772257,1,1,0
0,0,4,0,0,-0.8170718038896595,13.696173250494043,2.3902088288754855,-2.280986400971743,1,2,0
1,1,4,0,0,12.38462278717314,-0.5544873301529855,2.5051353133098186,0.30300926359772257,0,0,0
0,1,4,0,0,3.014309505069758,-0.5544873301529855,2.620061797744152,0.30300926359772257,1,0,1
1,1,1,0,1,0.5344865746503497,1.1497640359968249,2.689017688404752,0.30300926359772257,0,0,0
1,1,2,0,1,0.6421197691595358,2.1381819465272183,2.734988282178485,-0.5583226245920992,1,0,1
1,1,2,0,1,1.9817189038651908,-0.5544873301529855,2.9648412510471513,0.30300926359772257,1,0,1
1,0,0,0,0,1.2241909108507665,-0.5544873301529855,3.022304493264318,0.30300926359772257,1,1,1
1,1,0,0,0,1.5038406262650446,-0.5544873301529855,3.3785765950107507,0.30300926359772257,1,1,1
1,0,0,0,0,2.429453333992445,-0.5544873301529855,3.8842531265218168,0.30300926359772257,1,0,0
1,1,0,0,0,2.5277484887953547,1.7257141264235316,3.8842531265218168,0.30300926359772257,1,2,1
1,1,2,0,1,0.41686003940286764,1.896378672220994,3.8842531265218168,0.30300926359772257,1,0,1
1,1,0,0,0,9.490977255033481,-0.5544873301529855,3.99917961095615,-2.280986400971743,1,2,1
1,1,4,0,0,0.01843701193507345,3.310260901332637,4.056642853173317,0.30300926359772257,0,1,0
0,1,1,0,0,1.0806799848385182,-0.5544873301529855,4.06813550161675,0.30300926359772257,1,1,1
1,1,1,0,0,2.1181853437832308,-0.5544873301529855,4.1141060953904836,0.30300926359772257,1,2,0
1,1,0,0,0,2.3470492292160055,1.2465537483428806,4.918591486430816,0.30300926359772257,1,0,0
1,1,4,0,0,5.667623383716302,-0.5544873301529855,5.263370939733815,-2.280986400971743,0,1,1
0,1,1,0,1,2.306748215746812,-0.5544873301529855,5.263370939733815,0.30300926359772257,1,1,1
1,0,0,0,1,2.4184770417061197,-0.5544873301529855,5.838003361905481,2.025673039977366,1,2,1
0,1,4,0,0,7.594863718885352,-0.5544873301529855,6.412635784077147,-0.5583226245920992,1,2,1
1,0,0,0,0,0.07299082285068836,-0.5544873301529855,-1.3449019152403434,0.30300926359772257,1,2,1
1,1,0,0,0,-0.512520649258644,0.15245378440283594,-1.2874386730231768,0.30300926359772257,1,2,1
1,1,1,0,0,-0.07510721038569566,-0.5544873301529855,-1.22997543080601,0.30300926359772257,0,0,0
1,1,1,0,1,-0.49286161829806213,-0.5544873301529855,-1.43684310278781,0.30300926359772257,1,1,1
1,0,0,0,0,0.22583978856921302,-0.5544873301529855,-1.5287842903352764,0.30300926359772257,1,2,0
1,1,2,0,0,1.35099166054652,-0.5544873301529855,-1.2874386730231768,0.30300926359772257,1,2,1
1,1,0,0,0,-0.1231080109811166,0.6709456710340044,-1.3449019152403434,0.30300926359772257,1,1,1
0,0,1,0,1,0.33543888617445744,-0.5544873301529855,-1.2874386730231768,0.30300926359772257,1,1,1
1,0,0,0,0,-0.25203848903093323,0.006414183089175699,-1.3793798605706433,0.30300926359772257,1,0,1
1,1,4,1,0,-0.23123268126431734,-0.5544873301529855,-1.4253504543443765,-2.280986400971743,1,2,0
1,1,0,0,0,2.5005534959665496,-0.5544873301529855,-1.3449019152403434,0.30300926359772257,1,0,0
1,0,0,1,0,-0.5575725952099777,-0.5544873301529855,-1.2874386730231768,0.30300926359772257,1,2,0
1,1,2,1,0,-0.29528835714421353,-0.010686472802353603,-1.4598283996746766,0.30300926359772257,1,0,1
0,0,4,1,0,-0.5854228890708022,-0.5544873301529855,-1.22997543080601,0.30300926359772257,0,2,0
1,1,0,1,0,-0.39210908462507965,0.5180658073637324,-1.3449019152403434,0.30300926359772257,0,2,0
0,0,0,0,0,0.7607292559550469,-0.5544873301529855,-1.2874386730231768,-1.4196545127819211,1,1,1
1,1,0,0,0,-0.5226778152549447,-0.16972257259357612,-1.40236515745751,0.30300926359772257,1,2,1
1,1,2,0,0,-0.4024300758793852,-0.006240302270555984,-1.5172916418918432,0.30300926359772257,1,2,0
1,0,0,0,0,-0.11852090375698081,0.15929404675944767,-1.4598283996746766,0.30300926359772257,1,1,0
1,1,2,0,1,0.20142982512649044,-0.5544873301529855,-1.3449019152403434,0.30300926359772257,0,0,0
1,1,1,1,0,-0.47697056827159173,0.25779382469465645,-1.2874386730231768,0.30300926359772257,1,0,1
1,1,0,1,0,-0.4920424920080379,0.7451625176032416,-1.3449019152403434,-2.280986400971743,1,2,0
